Roll No,Account ID,Account Password,
100,Dr. Thomas Miller,Pass283,
101,Dr. Anna Griffin,Pass351,
102,Dr. Scott Price,Pass538,
103,Dr. Evelyn Brooks,Pass563,
104,Dr. Eliza Allen,Pass763,
105,Dr. Kevin Carter,Pass210,
106,Dr. Aaron Henderson,Pass777,
107,Dr. Zoe Cooper,Pass715,
108,Dr. Carl Patterson,Pass602,
109,Dr. Luke Rivera,Pass658,
110,Dr. Sean Alexander,Pass967,
111,Dr. Isabella Martinez,Pass140,
112,Dr. Harper Thompson,Pass364,
113,Dr. Scott Bailey,Pass392,
114,Dr. Sean James,Pass624,
115,Dr. Martin Morgan,Pass307,
116,Dr. Madeline Robinson,Pass732,
117,Dr. Charlotte Scott,Pass413,
118,Dr. Steven Jones,Pass709,
119,Dr. Paul Nelson,Pass779,
120,Dr. Florence Nelson,Pass187,
121,Dr. Emma Ward,Pass454,
122,Dr. Laura Parker,Pass467,
123,Dr. Rosalind Evans,Pass217,
124,Dr. Lucy Young,Pass456,
125,Dr. George Price,Pass702,
126,Dr. Violet Adams,Pass227,
127,Dr. Sarah Bryant,Pass818,
128,Dr. Andrew Ward,Pass914,
129,Dr. Anna Smith,Pass504,
130,Dr. Victoria Campbell,Pass387,
131,Dr. Christopher Hall,Pass141,
132,Dr. Chloe Griffin,Pass638,
133,Dr. Madeline Barnes,Pass221,
134,Dr. Martin Coleman,Pass907,
135,Dr. Carl Smith,Pass518,
136,Dr. Violet Parker,Pass918,
137,Dr. Joseph Rodriguez,Pass644,
138,Dr. Paul Jenkins,Pass195,
139,Dr. Greg Kelly,Pass719,
140,Dr. John Barnes,Pass155,
141,Dr. John Coleman,Pass277,
142,Dr. Jason Miller,Pass326,
143,Dr. Louis James,Pass877,
144,Dr. Ethan Ross,Pass297,
145,Dr. Scott Russell,Pass190,
146,Dr. Samuel Young,Pass651,
147,Dr. Emily Henderson,Pass523,
148,Dr. Robert Perry,Pass476,
149,Dr. George Washington,Pass622,
150,Dr. Natalie Turner,Pass728,
151,Dr. Ella Baker,Pass375,
152,Dr. Genevieve Ramirez,Pass547,
153,Dr. Simon Thomas,Pass268,
154,Dr. Jason Price,Pass261,
155,Dr. Emily Sanders,Pass436,
156,Dr. Penelope Bailey,Pass357,
157,Dr. Julia Adams,Pass349,
158,Dr. Florence Long,Pass271,
159,Dr. Adam Brooks,Pass152,
160,Dr. Ruby Gray,Pass698,
161,Dr. Diana Nguyen,Pass761,
162,Dr. James Russell,Pass266,
