Roll No,Book1,ISBN1,Book2,ISBN2,Book3,ISBN3
23015,The Nightfall War,978-0593099322,Inferno Rising,978-0385537133,
23045,The Firekeeper's Oath,978-0345537070,The Twilight Rebellion,978-1101988952,
23178,The Crimson Pact,978-0062289220,
23256,The Whispering Moon,978-1250217346,Eclipse Rising,978-0525952931,
23389,The Shadowed Path,978-0345544979,The Mystic Gate,978-1250077415,
23518,The Unfinished Tale,978-0345503817,The Seventh Gate,978-0345497529,
23549,The Runebinder Trials,978-1250196727,The Lunar Prophecy,978-0316556325,
23632,The Forgotten Realm,978-0399178550,The Silver Flame,978-0062874067,The Last Prophecy,978-0316226211,
23714,The Crystal Labyrinth,978-0062025721,The Glass Serpent,978-0316539281,
23805,The Obsidian Heart,978-0316053985,The Ashen Crown,978-0062876329,
23872,The Obsidian Tower,978-0358381738,Darkness and Light,978-1524796308,
23951,The Hidden Cipher,978-1501161932,The Black Throne,978-0399257742,
23987,The Silver Dagger,978-0316485496,The Cursed Talisman,978-1101990634,
24063,The Whispering Moon,978-1250217346,
24280,Beyond the Veil,978-0765323196,Chronicles of the Lost,978-1250197304,
24359,A Kingdom in Shadows,978-1501161931,Stars and Storms,978-0525559474,
24478,The Phoenix Reborn,978-0441013590,
24682,The Midnight Pact,978-0316226242,
24875,The Forbidden Manuscript,978-0062315028,A Curse of Shadows,978-1524796391,
24956,The Runebinder Trials,978-1250196727,The Dragon's Curse,978-1524796391,
