Roll No,Account Name,Account Password
23015,Alice,Pass@123
23045,Bob,Secure#456
23112,,  
23178,Charlie,P@ssword789
23209,,  
23256,David,Qwerty!2024
23321,,  
23389,Eve,Zx@12345
23420,,  
23467,,  
23518,Frank,Abc#6789  
23549,Grace,12345@xyz  
23587,,  
23632,Hannah,H@nnah123  
23675,,  
23714,Isaac,Isaac@456  
23761,,  
23805,Jack,Jack#001  
23839,,  
23872,Kate,KatePass!  
23910,,  
23951,Liam,Liam_789  
23987,Mia,Mia$pass  
24028,,  
24063,Noah,Noah@123  
24099,Olivia,OliviaPass@567  
24135,,  
24169,Peter,Peter#2024  
24204,,  
24246,,  
24280,Quinn,Quinn$pass  
24312,,  
24359,Rachel,Rachel!123  
24401,,  
24437,,  
24478,Sophia,Sophia@789  
24512,,  
24563,Thomas,Thomas#pass  
24605,,  
24641,,  
24682,Uma,Uma@999  
24728,,  
24762,,  
24801,Vincent,Vincent#100  
24839,William,William@456  
24875,Xavier,Xavier!pass  
24911,,  
24956,Yasmine,Y@mine$pass  
24997,Zach,Zach#secure  
24999,Zinx, Zx#sp